"","size","milk","whip","serv_size_m_l","calories","total_fat_g","saturated_fat_g","trans_fat_g","cholesterol_mg","sodium_mg","total_carbs_g","fiber_g","sugar_g","caffeine_mg"
"1","short","0","0",236,3,0.1,0,"0",0,5,0,"0",0,130
"2","tall","0","0",354,4,0.1,0,"0",0,10,0,"0",0,193
"3","grande","0","0",473,5,0.1,0,"0",0,10,0,"0",0,260
"4","venti","0","0",591,5,0.1,0,"0",0,10,0,"0",0,340
"5","short","0","0",236,3,0.1,0,"0",0,5,0,"0",0,15
"6","tall","0","0",354,4,0.1,0,"0",0,10,0,"0",0,20
"7","grande","0","0",473,5,0.1,0,"0",0,10,0,"0",0,25
"8","venti","0","0",591,5,0.1,0,"0",0,10,0,"0",0,30
"9","short","0","0",236,3,0.1,0,"0",0,5,0,"0",0,155
"10","tall","0","0",354,4,0.1,0,"0",0,5,0,"0",0,235
"11","grande","0","0",473,5,0.1,0,"0",0,5,0,"0",0,310
"12","venti","0","0",591,5,0.1,0,"0",0,5,0,"0",0,410
"13","short","0","0",236,3,0.1,0,"0",0,5,0,"0",0,180
"14","tall","0","0",354,4,0.1,0,"0",0,5,0,"0",0,270
"15","grande","0","0",473,5,0.1,0,"0",0,5,0,"0",0,360
"16","venti","0","0",591,5,0.1,0,"0",0,5,0,"0",0,475
"17","short","1","0",236,35,0.1,0.1,"0",0,45,5,"0",5,75
"18","short","2","0",236,50,2,1,"0.1",10,50,5,"0",5,75
"19","short","5","0",236,70,3.5,2,"0.1",10,50,5,"0",5,75
"20","short","3","0",236,40,1.5,0.2,"0",0,40,3,"0",2,75
"21","short","4","0",236,40,2.5,2.5,"0",0,45,4,"0",3,75
"22","tall","1","0",354,60,0.2,0.1,"0",5,70,8,"0",8,115
"23","tall","2","0",354,80,3,1.5,"0.1",15,80,8,"0",8,115
"24","tall","5","0",354,100,5,3,"0.2",15,70,8,"0",8,115
"25","tall","3","0",354,60,2.5,0.3,"0",0,60,5,"1",4,115
"26","tall","4","0",354,60,3.5,3.5,"0",0,70,6,"0",5,115
"27","grande","1","0",473,70,0.2,0.1,"0",5,90,10,"0",10,150
"28","grande","2","0",473,110,4,2,"0.1",15,100,10,"0",10,150
"29","grande","5","0",473,130,7,4,"0.2",20,95,10,"0",10,150
"30","grande","3","0",473,80,3,0.4,"0",0,80,6,"1",5,150
"31","grande","4","0",473,70,4.5,4.5,"0",0,90,7,"0",7,150
"32","venti","1","0",591,90,0.3,0.2,"0",5,115,13,"0",13,195
"33","venti","2","0",591,130,5,2.5,"0.2",20,130,13,"0",13,195
"34","venti","5","0",591,160,9,5,"0.3",25,120,13,"0",13,195
"35","venti","3","0",591,100,4,0.5,"0",0,100,8,"1",6,195
"36","venti","4","0",591,80,5,4.5,"0",0,90,7,"0",7,195
"37","short","0","0",236,10,0,0,"0",0,5,0,"0",0,190
"38","tall","0","0",354,10,0,0,"0",0,10,0,"0",0,280
"39","grande","0","0",473,10,0,0,"0",0,10,0,"0",0,380
"40","venti","0","0",591,10,0,0,"0",0,10,0,"0",0,470
"41","short","0","0",236,10,0,0,"0",0,5,0,"0",0,155
"42","tall","0","0",354,10,0,0,"0",0,10,0,"0",0,255
"43","grande","0","0",473,10,0,0,"0",0,10,0,"0",0,340
"44","venti","0","0",591,10,0,0,"0",0,10,0,"0",0,425
"45","short","0","0",236,10,0,0,"0",0,5,0,"0",0,170
"46","tall","0","0",354,10,0,0,"0",0,10,0,"0",0,280
"47","grande","0","0",473,10,0,0,"0",0,10,0,"0",0,375
"48","venti","0","0",591,10,0,0,"0",0,10,0,"0",0,445
"49","tall","0","0",354,60,0,0,"0",0,10,15,"0",15,120
"50","grande","0","0",473,80,0.1,0,"0",0,10,20,"0",20,165
"51","venti","0","0",709,120,0.1,0,"0",0,15,30,"0",30,235
"52","trenta","0","0",887,160,0.1,0,"0",0,15,40,"0",39,280
"53","tall","1","0",354,80,0.1,0,"0",0,30,17,"0",17,90
"54","tall","2","0",354,80,1,0.5,"0",5,30,17,"0",17,90
"55","tall","5","0",354,90,1.5,1,"0",5,30,17,"0",17,90
"56","tall","3","0",354,80,1,0.1,"0",0,25,16,"0",16,90
"57","tall","4","0",354,80,1,1,"0",0,25,17,"0",16,110
"58","grande","1","0",473,100,0.1,0,"0",0,35,23,"0",23,125
"59","grande","2","0",473,110,1.5,1,"0.1",5,40,23,"0",23,125
"60","grande","5","0",473,120,2,1,"0.1",5,35,23,"0",23,125
"61","grande","3","0",473,110,1,0.1,"0",0,35,22,"0",21,125
"62","grande","4","0",473,100,1.5,1.5,"0",0,35,22,"0",22,150
"63","venti","1","0",709,160,0.1,0.1,"0",0,60,35,"0",35,170
"64","venti","2","0",709,170,2,1.5,"0.1",10,65,35,"0",35,170
"65","venti","5","0",709,190,3.5,2,"0.1",10,60,35,"0",35,170
"66","venti","3","0",709,160,1.5,0.2,"0",0,55,33,"0",32,170
"67","venti","4","0",709,160,2.5,2,"0",0,55,33,"0",33,205
"68","trenta","1","0",887,210,0.2,0.1,"0",5,70,46,"0",46,190
"69","trenta","2","0",887,230,3,1.5,"0.1",10,80,46,"0",46,190
"70","trenta","5","0",887,240,4.5,2.5,"0.1",15,75,46,"0",46,190
"71","trenta","3","0",887,220,2,0.3,"0",0,65,44,"1",43,190
"72","trenta","4","0",887,210,3,3,"0",0,70,44,"0",44,190
"73","tall","0","0",354,2,0,0,"0",0,10,0,"0",0,150
"74","grande","0","0",473,3,0,0,"0",0,15,0,"0",0,200
"75","venti","0","0",709,4,0,0,"0",0,20,0,"0",0,300
"76","trenta","0","0",887,5,0,0,"0",0,25,0,"0",0,330
"77","tall","0","0",354,100,6,3.5,"0.2",20,20,12,"0",12,140
"78","grande","0","0",473,110,6,3.5,"0.2",20,25,14,"0",14,185
"79","venti","0","0",709,200,11,7,"0.3",40,40,24,"0",24,275
"80","trenta","0","0",887,210,11,7,"0.3",40,45,26,"0",26,320
"81","short","0","0",236,5,0,0,"0",0,5,1,"0",0,75
"82","tall","0","0",354,10,0,0,"0",0,10,1,"0",0,150
"83","grande","0","0",473,15,0,0,"0",0,15,1,"0",0,225
"84","venti","0","0",591,25,0,0,"0",0,10,1,"0",0,300
"85","tall","0","0",354,10,0,0,"0",0,10,2,"0",0,150
"86","grande","0","0",473,15,0,0,"0",0,15,3,"0",0,225
"87","venti","0","0",709,25,0,0,"0",0,20,3,"0",0,300
"88","tall","1","0",354,100,0.2,0.2,"0",5,120,15,"0",14,75
"89","tall","2","0",354,150,6,3.5,"0.2",25,135,15,"0",14,75
"90","tall","5","0",354,180,9,5,"0.3",30,125,15,"0",14,75
"91","tall","3","0",354,110,4.5,0.5,"0",0,105,10,"1",6,75
"92","tall","4","0",354,110,7,6,"0",0,120,11,"0",10,75
"93","grande","1","0",473,130,0.3,0.2,"0",5,150,19,"0",18,150
"94","grande","2","0",473,190,7,4.5,"0.3",30,170,19,"0",17,150
"95","grande","5","0",473,230,11,7,"0.3",35,150,19,"0",17,150
"96","grande","3","0",473,150,5,0.5,"0",0,130,13,"1",8,150
"97","grande","4","0",473,140,8,8,"0",0,150,14,"0",12,150
"98","venti","1","0",591,170,0.4,0.3,"0",10,190,25,"0",23,150
"99","venti","2","0",591,240,9,6,"0.4",35,220,24,"0",22,150
"100","venti","5","0",591,290,15,9,"0.5",45,200,24,"0",22,150
"101","venti","3","0",591,190,7,1,"0",0,170,16,"2",11,150
"102","venti","4","0",591,170,11,10,"0",0,200,18,"0",16,150
"103","tall","1","0",354,70,0.1,0.1,"0",5,80,10,"0",9,75
"104","tall","2","0",354,100,3.5,2,"0.1",15,90,10,"0",9,75
"105","tall","5","0",354,120,6,3.5,"0.2",20,85,10,"0",9,75
"106","tall","3","0",354,80,3,0.4,"0",0,75,7,"1",4,75
"107","tall","4","0",354,70,4,4,"0",0,80,7,"0",6,75
"108","grande","1","0",473,90,0.2,0.1,"0",5,105,13,"0",11,150
"109","grande","2","0",473,130,4.5,2.5,"0.1",20,115,13,"0",11,150
"110","grande","5","0",473,150,7,4.5,"0.2",25,105,13,"0",11,150
"111","grande","3","0",473,100,3.5,0.5,"0",0,95,9,"1",5,150
"112","grande","4","0",473,90,5,5,"0",0,105,10,"0",8,150
"113","venti","1","0",709,130,0.3,0.2,"0",5,140,19,"0",16,225
"114","venti","2","0",709,180,6,3,"0.2",25,160,18,"0",15,225
"115","venti","5","0",709,210,10,6,"0.3",30,150,18,"0",15,225
"116","venti","3","0",709,150,5,0.5,"0",0,130,13,"1",8,225
"117","venti","4","0",709,130,7,7,"0",0,150,14,"0",11,225
"118","short","1","0",236,120,1.5,1,"0",5,65,21,"2",17,90
"119","short","1","1",236,180,6,4,"0.2",20,70,23,"2",18,90
"120","short","2","0",236,150,4,2.5,"0.1",10,70,21,"2",17,90
"121","short","2","1",236,200,9,6,"0.3",30,75,22,"2",18,90
"122","short","5","0",236,160,6,3.5,"0.1",15,65,21,"2",17,90
"123","short","5","1",236,210,11,7,"0.3",35,70,22,"2",18,90
"124","short","3","0",236,130,3.5,1,"0",0,55,18,"3",13,90
"125","short","3","1",236,180,9,4,"0.2",20,60,20,"3",14,90
"126","short","4","0",236,130,4.5,4,"0",0,65,19,"2",15,90
"127","short","4","1",236,180,10,7,"0.2",20,70,21,"2",16,90
"128","tall","1","0",354,190,2,1,"0",5,100,32,"3",27,95
"129","tall","1","1",354,250,8,5,"0.2",25,110,34,"3",28,95
"130","tall","2","0",354,230,6,4,"0.2",20,115,32,"3",26,95
"131","tall","2","1",354,290,13,8,"0.4",40,120,34,"3",28,95
"132","tall","5","0",354,250,9,6,"0.2",25,105,32,"3",26,95
"133","tall","5","1",354,310,16,9,"0.4",45,110,34,"3",28,95
"134","tall","3","0",354,200,5,1.5,"0",0,90,28,"4",20,95
"135","tall","3","0",354,260,11,5,"0.2",25,95,30,"4",22,95
"136","tall","4","0",354,190,7,6,"0",0,105,29,"3",23,95
"137","tall","4","1",354,250,13,10,"0.2",25,110,30,"3",25,95
"138","grande","1","0",473,250,2.5,1.5,"0",5,125,42,"4",34,175
"139","grande","1","1",473,320,10,6,"0.2",30,135,44,"4",36,175
"140","grande","2","0",473,290,8,5,"0.2",25,140,42,"4",34,175
"141","grande","2","1",473,360,15,9,"0.5",50,150,44,"4",35,175
"142","grande","5","0",473,330,12,7,"0.3",30,130,42,"4",34,175
"143","grande","5","1",473,400,19,11,"0.5",55,135,44,"4",35,175
"144","grande","3","0",473,260,7,2,"0",0,110,37,"5",26,175
"145","grande","3","1",473,330,14,6,"0.2",25,115,39,"5",28,175
"146","grande","4","0",473,250,9,8,"0",0,130,38,"4",30,175
"147","grande","4","1",473,320,16,12,"0.2",25,135,40,"4",32,175
"148","venti","1","0",591,310,3.5,2,"0",10,170,54,"5",44,185
"149","venti","1","1",591,390,10,6,"0.2",35,170,56,"5",45,185
"150","venti","2","0",591,380,11,7,"0.3",30,190,53,"5",43,185
"151","venti","2","1",591,450,18,11,"0.5",55,190,55,"5",45,185
"152","venti","5","0",591,420,16,9,"0.4",40,170,53,"5",43,185
"153","venti","5","1",591,490,23,13,"0.5",65,180,55,"5",45,185
"154","venti","3","0",591,330,9,2.5,"0",0,140,46,"6",34,185
"155","venti","3","1",591,400,16,7,"0.2",25,150,48,"6",35,185
"156","venti","4","0",591,320,12,10,"0",0,170,48,"5",38,185
"157","venti","4","1",591,390,19,15,"0.2",25,180,50,"5",40,185
"158","tall","1","0",354,150,2,1,"0",5,65,27,"3",22,95
"159","tall","1","1",354,240,10,6,"0.2",30,75,30,"3",23,95
"160","tall","2","0",354,180,4.5,3,"0.1",10,70,27,"3",21,95
"161","tall","2","1",354,260,12,8,"0.4",40,80,29,"3",23,95
"162","tall","5","0",354,190,6,3.5,"0.1",15,65,27,"3",21,95
"163","tall","5","1",354,270,14,9,"0.4",45,75,29,"3",23,95
"164","tall","3","0",354,160,4,1.5,"0",0,60,25,"3",18,95
"165","tall","3","1",354,240,12,6,"0.2",30,65,27,"3",20,95
"166","tall","4","0",354,150,5,4,"0",0,65,25,"3",19,95
"167","tall","4","1",354,240,13,9,"0.2",30,70,27,"3",22,95
"168","grande","1","0",473,200,2.5,1.5,"0",5,80,36,"4",28,175
"169","grande","1","1",473,320,14,8,"0.3",45,90,40,"4",30,175
"170","grande","2","0",473,230,6,3.5,"0.1",15,90,36,"4",28,175
"171","grande","2","1",473,350,17,11,"0.5",55,100,39,"4",30,175
"172","grande","5","0",473,250,8,4.5,"0.2",15,80,36,"4",28,175
"173","grande","5","1",473,360,19,12,"0.5",60,95,39,"4",30,175
"174","grande","3","0",473,210,5,2,"0",0,75,33,"5",24,175
"175","grande","3","1",473,330,16,9,"0.3",40,85,37,"5",26,175
"176","grande","4","0",473,210,6,5,"0",0,80,34,"4",26,175
"177","grande","4","1",473,320,18,12,"0.3",40,95,37,"4",29,175
"178","venti","1","0",709,300,3.5,2.5,"0",5,110,53,"6",41,265
"179","venti","1","1",709,410,15,9,"0.3",45,120,57,"6",43,265
"180","venti","2","0",709,340,8,5,"0.2",20,120,53,"6",41,265
"181","venti","2","1",709,450,19,12,"0.5",60,130,56,"6",43,265
"182","venti","5","0",709,360,11,6,"0.2",25,110,53,"6",41,265
"183","venti","5","1",709,470,22,13,"0.5",65,125,56,"6",43,265
"184","venti","3","0",709,310,7,2.5,"0",0,100,49,"7",35,265
"185","venti","3","1",709,430,18,10,"0.3",40,110,53,"7",37,265
"186","venti","4","0",709,300,9,7,"0",0,115,50,"6",38,265
"187","venti","4","1",709,420,20,14,"0.3",40,125,53,"6",41,265
"188","short","1","0",236,50,0.1,0.1,"0",5,60,8,"0",7,75
"189","short","2","0",236,80,3,1.5,"0.1",10,70,8,"0",7,75
"190","short","5","0",236,90,4.5,2.5,"0.1",15,60,8,"0",7,75
"191","short","3","0",236,50,1.5,0.2,"0",0,40,4,"0",3,75
"192","short","4","0",236,70,4,4,"0",0,75,7,"0",6,75
"193","tall","1","0",354,60,0.1,0.1,"0",5,70,9,"0",8,75
"194","tall","2","0",354,90,3.5,1.5,"0.1",15,80,9,"0",8,75
"195","tall","5","0",354,110,6,3,"0.2",15,75,9,"0",8,75
"196","tall","3","0",354,70,3,0.4,"0",0,65,7,"1",4,75
"197","tall","4","0",354,100,6,6,"0",0,115,11,"0",9,75
"198","grande","1","0",473,80,0.2,0.1,"0",5,90,12,"0",10,150
"199","grande","2","0",473,120,4,2,"0.1",15,100,12,"0",10,150
"200","grande","5","0",473,140,7,4,"0.2",20,90,12,"0",10,150
"201","grande","3","0",473,100,3.5,0.4,"0",0,80,9,"1",5,150
"202","grande","4","0",473,130,8,8,"0",0,150,14,"0",12,150
"203","venti","1","0",591,110,0.2,0.2,"0",5,120,16,"0",14,150
"204","venti","2","0",591,150,6,3,"0.2",25,135,16,"0",14,150
"205","venti","5","0",591,190,9,5,"0.3",30,125,16,"0",14,150
"206","venti","3","0",591,120,4.5,0.5,"0",0,110,11,"1",7,150
"207","venti","4","0",591,170,10,10,"0",0,190,18,"0",15,150
"208","short","1","0",236,100,1,0.5,"0",5,70,16,"0",15,75
"209","short","2","0",236,120,4,2.5,"0.1",15,80,16,"0",15,75
"210","short","5","0",236,140,6,3.5,"0.1",20,70,16,"0",15,75
"211","short","3","0",236,100,3,1,"0",0,60,14,"1",11,75
"212","short","4","0",236,100,4,3.5,"0",0,70,14,"0",13,75
"213","tall","1","0",354,150,1.5,1,"0",10,105,27,"0",25,75
"214","tall","2","0",354,190,6,3.5,"0.2",20,120,26,"0",25,75
"215","tall","5","0",354,210,9,5,"0.2",25,110,26,"0",25,75
"216","tall","3","0",354,160,4.5,1,"0",5,95,22,"1",19,75
"217","tall","4","0",354,150,6,6,"0",5,105,23,"0",21,75
"218","grande","1","0",473,200,1.5,1,"0",10,135,36,"0",34,150
"219","grande","2","0",473,250,7,4.5,"0.2",25,150,35,"0",33,150
"220","grande","5","0",473,280,11,6,"0.3",35,140,35,"0",33,150
"221","grande","3","0",473,210,6,1.5,"0",5,120,30,"1",26,150
"222","grande","4","0",473,200,8,7,"0",5,130,32,"0",29,150
"223","venti","1","0",591,250,1.5,1,"0",10,170,45,"0",42,150
"224","venti","2","0",591,310,9,6,"0.3",35,190,44,"0",42,150
"225","venti","5","0",591,350,13,8,"0.4",40,170,44,"0",42,150
"226","venti","3","0",591,260,7,1.5,"0",5,150,38,"1",33,150
"227","venti","4","0",591,250,10,9,"0",5,170,39,"0",36,150
"228","tall","1","0",354,140,1.5,1,"0",10,100,26,"0",24,75
"229","tall","2","0",354,180,5,3.5,"0.2",20,110,26,"0",24,75
"230","tall","5","0",354,200,8,4.5,"0.2",25,100,26,"0",24,75
"231","tall","3","0",354,160,4.5,1.5,"0",5,90,22,"1",19,75
"232","tall","4","0",354,140,6,5,"0",5,95,23,"0",21,75
"233","grande","1","0",473,210,2,1.5,"0",10,135,37,"0",35,150
"234","grande","2","0",473,250,7,4.5,"0.2",25,150,37,"0",34,150
"235","grande","5","0",473,280,11,6,"0.3",35,140,37,"0",34,150
"236","grande","3","0",473,220,6,2,"0",5,125,32,"1",28,150
"237","grande","4","0",473,210,8,7,"0",5,130,33,"0",30,150
"238","venti","1","0",591,290,2.5,1.5,"0",15,180,53,"0",50,225
"239","venti","2","0",591,350,9,6,"0.3",35,200,53,"0",49,225
"240","venti","5","0",591,390,14,8,"0.4",45,190,53,"0",49,225
"241","venti","3","0",591,310,8,2,"0",5,170,47,"1",40,225
"242","venti","4","0",591,290,10,9,"0",5,170,47,"0",43,225
"243","short","1","0",236,100,0.1,0.1,"0",5,70,20,"0",19,75
"244","short","1","1",236,160,5,3.5,"0.2",20,75,22,"0",21,75
"245","short","2","0",236,130,3,1.5,"0.1",15,75,20,"0",19,75
"246","short","2","1",236,180,8,5,"0.2",30,80,22,"0",20,75
"247","short","5","0",236,150,5,3,"0.2",15,70,20,"0",19,75
"248","short","5","1",236,200,10,6,"0.3",35,75,22,"0",20,75
"249","short","3","0",236,110,2.5,0.3,"0",0,60,17,"1",15,75
"250","short","3","1",236,170,8,3.5,"0.2",20,65,19,"1",16,75
"251","short","4","0",236,110,3.5,3.5,"0",0,70,18,"0",17,75
"252","short","4","1",236,160,9,7,"0.2",20,75,20,"0",19,75
"253","tall","1","0",354,160,0.2,0.1,"0",5,110,31,"0",30,75
"254","tall","1","1",354,220,6,4,"0.2",30,115,33,"0",31,75
"255","tall","2","0",354,200,5,2.5,"0.2",20,125,30,"0",29,75
"256","tall","2","1",354,270,11,6,"0.3",45,130,32,"0",31,75
"257","tall","5","0",354,230,8,5,"0.3",25,110,30,"0",29,75
"258","tall","5","1",354,290,14,9,"0.4",50,120,32,"0",31,75
"259","tall","3","0",354,170,4,0.5,"0",0,95,26,"1",23,75
"260","tall","3","0",354,240,10,4.5,"0.2",20,100,28,"1",25,75
"261","tall","4","0",354,160,6,6,"0",0,110,27,"0",26,75
"262","tall","4","1",354,230,12,9,"0.2",20,115,29,"0",28,75
"263","grande","1","0",473,210,0.3,0.2,"0",5,135,40,"0",38,150
"264","grande","1","1",473,280,7,4.5,"0.2",30,140,43,"0",40,150
"265","grande","2","0",473,260,6,3,"0.2",25,150,40,"0",38,150
"266","grande","2","1",473,330,13,8,"0.4",50,160,42,"0",40,150
"267","grande","5","0",473,300,10,6,"0.3",30,140,40,"0",38,150
"268","grande","5","1",473,370,17,10,"0.5",60,150,42,"0",40,150
"269","grande","3","0",473,220,5,0.5,"0",0,120,34,"1",30,150
"270","grande","3","1",473,300,12,5,"0.2",25,125,37,"1",32,150
"271","grande","4","0",473,210,7,7,"0",0,140,36,"0",33,150
"272","grande","4","1",473,290,14,11,"0.2",25,150,38,"0",36,150
"273","venti","1","0",591,270,0.3,0.2,"0",10,180,51,"0",49,150
"274","venti","1","1",591,340,7,4.5,"0.2",35,190,54,"0",51,150
"275","venti","2","0",591,330,8,4,"0.2",35,200,50,"0",48,150
"276","venti","2","1",591,410,15,9,"0.5",60,210,53,"0",50,150
"277","venti","5","0",591,380,14,8,"0.4",40,180,50,"0",48,150
"278","venti","5","1",591,450,21,12,"0.5",70,190,53,"0",50,150
"279","venti","3","0",591,280,6,1,"0",0,160,43,"2",38,150
"280","venti","3","1",591,360,13,5,"0.2",25,160,46,"2",40,150
"281","venti","4","0",591,270,10,9,"0",0,180,45,"0",42,150
"282","venti","4","1",591,350,17,14,"0.2",25,190,47,"0",45,150
"283","solo","0","0",0,5,0,0,"0",0,0,1,"0",0,75
"284","doppio","0","0",0,10,0,0,"0",0,0,2,"0",0,150
"285","triple","0","0",0,15,0,0,"0",0,0,3,"0",0,225
"286","quad","0","0",0,20,0,0,"0",0,0,4,"0",0,300
"287","solo","0","1",0,30,2.5,1.5,"0",10,3,2,"0",1,75
"288","doppio","0","1",0,35,2.5,1.5,"0.1",10,3,3,"0",1,150
"289","triple","0","1",0,40,2.5,1.5,"0.1",10,0,4,"0",1,225
"290","quad","0","1",0,50,2.5,1.5,"0.1",10,0,5,"0",1,300
"291","solo","1","0",0,5,0,0,"0",0,2,1,"0",0,75
"292","solo","2","0",0,10,0.1,0,"0",0,2,1,"0",0,75
"293","solo","5","0",0,10,0.1,0.1,"0",0,2,1,"0",0,75
"294","solo","3","0",0,5,0.1,0,"0",0,2,1,"0",0,75
"295","solo","4","0",0,5,0.1,0.1,"0",0,2,1,"0",0,75
"296","doppio","1","0",0,15,0,0,"0",0,2,2,"0",0,150
"297","doppio","2","0",0,15,0.1,0,"0",0,2,2,"0",0,150
"298","doppio","5","0",0,15,0.1,0,"0",0,2,2,"0",0,150
"299","doppio","3","0",0,15,0.1,0,"0",0,2,2,"0",0,150
"300","doppio","4","0",0,10,0.1,0.1,"0",0,2,2,"0",0,150
"301","triple","1","0",0,20,0,0,"0",0,2,3,"0",0,225
"302","triple","2","0",0,20,0.1,0,"0",0,2,3,"0",0,225
"303","triple","5","0",0,20,0.1,0,"0",0,2,3,"0",0,225
"304","triple","3","0",0,20,0.1,0,"0",0,2,3,"0",0,225
"305","triple","4","0",0,20,0.1,0.1,"0",0,2,3,"0",0,225
"306","quad","1","0",0,25,0,0,"0",0,2,4,"0",0,300
"307","quad","2","0",0,25,0.1,0,"0",0,2,4,"0",0,300
"308","quad","5","0",0,25,0.1,0,"0",0,2,4,"0",0,300
"309","quad","3","0",0,25,0.1,0,"0",0,2,4,"0",0,300
"310","quad","4","0",0,25,0.1,0.1,"0",0,2,4,"0",0,300
"311","short","1","0",236,60,0.1,0.1,"0",5,70,9,"0",8,130
"312","short","2","0",236,90,3.5,2,"0.1",15,80,9,"0",8,130
"313","short","5","0",236,110,5,3,"0.2",15,70,9,"0",8,130
"314","short","3","0",236,70,2.5,0.3,"0",0,65,6,"1",4,130
"315","short","4","0",236,60,4,3.5,"0",0,70,7,"0",5,130
"316","tall","1","0",354,100,0.2,0.2,"0",5,115,15,"0",13,130
"317","tall","2","0",354,140,5,3.5,"0.2",20,130,14,"0",13,130
"318","tall","5","0",354,170,9,5,"0.3",25,115,14,"0",13,130
"319","tall","3","0",354,110,4,0.5,"0",0,100,10,"1",6,130
"320","tall","4","0",354,100,6,6,"0",0,110,11,"0",9,130
"321","grande","1","0",473,130,0.3,0.2,"0",5,150,19,"0",17,195
"322","grande","2","0",473,180,7,4.5,"0.3",30,160,18,"0",17,195
"323","grande","5","0",473,220,11,7,"0.3",35,150,18,"0",17,195
"324","grande","3","0",473,150,5,0.5,"0",0,130,13,"1",8,195
"325","grande","4","0",473,130,8,7,"0",0,140,14,"0",11,195
"326","venti","1","0",591,170,0.4,0.3,"0",10,190,24,"0",23,195
"327","venti","2","0",591,240,9,6,"0.4",35,220,24,"0",22,195
"328","venti","5","0",591,290,15,9,"0.4",45,200,24,"0",22,195
"329","venti","3","0",591,190,7,1,"0",0,170,16,"2",11,195
"330","venti","4","0",591,170,10,10,"0",0,190,18,"0",15,195
"331","short","1","0",236,60,0.1,0.1,"0",5,70,10,"0",8,150
"332","short","2","0",236,90,3.5,2,"0.1",15,80,9,"0",8,150
"333","short","5","0",236,110,5,3,"0.2",15,70,9,"0",8,150
"334","short","3","0",236,70,2.5,0.3,"0",0,60,7,"1",4,150
"335","short","4","0",236,70,3.5,3.5,"0",0,70,7,"0",5,150
"336","tall","1","0",354,100,0.2,0.2,"0",5,115,15,"0",13,150
"337","tall","2","0",354,140,5,3.5,"0.2",20,130,15,"0",13,150
"338","tall","5","0",354,170,9,5,"0.3",25,115,15,"0",13,150
"339","tall","3","0",354,110,4,0.5,"0",0,100,10,"1",6,150
"340","tall","4","0",354,100,6,6,"0",0,110,11,"0",9,150
"341","grande","1","0",473,130,0.3,0.2,"0",5,150,19,"0",17,225
"342","grande","2","0",473,190,7,4.5,"0.3",30,160,19,"0",17,225
"343","grande","5","0",473,220,11,6,"0.3",35,150,19,"0",17,225
"344","grande","3","0",473,140,5,0.5,"0",0,125,13,"1",8,225
"345","grande","4","0",473,130,8,7,"0",0,140,14,"0",11,225
"346","venti","1","0",591,170,0.4,0.3,"0",10,190,25,"0",23,225
"347","venti","2","0",591,240,9,6,"0.4",35,210,24,"0",22,225
"348","venti","5","0",591,290,15,8,"0.4",45,200,24,"0",22,225
"349","venti","3","0",591,90,7,1,"0",0,170,16,"2",10,225
"350","venti","4","0",591,170,10,10,"0",0,190,18,"0",15,225
"351","short","1","0",236,60,0.1,0.1,"0",5,80,9,"0",8,75
"352","tall","1","0",354,100,0.2,0.1,"0",5,125,14,"0",13,75
"353","grande","1","0",473,120,0.3,0.2,"0",5,160,19,"0",16,150
"354","venti","1","0",591,160,0.3,0.2,"0",10,200,24,"0",21,150
"355","tall","1","0",354,60,0.1,0.1,"0",5,80,9,"0",8,75
"356","grande","1","0",473,80,0.2,0.1,"0",5,105,12,"0",10,150
"357","venti","1","0",591,110,0.2,0.2,"0",5,140,17,"0",14,225
"358","short","1","0",236,80,1,0.5,"0",5,70,12,"2",7,75
"359","tall","1","0",354,130,1,1,"0.1",5,115,18,"3",12,75
"360","grande","1","0",473,160,1.5,1,"0.1",5,140,24,"4",15,150
"361","venti","1","0",591,210,2,1.5,"0.1",10,190,30,"5",19,150
"362","tall","1","0",354,90,1,0.5,"0.1",5,75,13,"3",7,75
"363","grande","1","0",473,120,1.5,1,"0.1",5,95,17,"4",8,150
"364","venti","1","0",709,170,2.5,1.5,"0.1",5,130,25,"6",11,225
"365","tall","1","0",354,70,0,0,"0",0,35,14,"0",13,150
"366","tall","2","0",354,80,1,1,"0.1",5,35,14,"0",13,150
"367","tall","5","0",354,90,2,1,"0.1",5,35,14,"0",13,150
"368","tall","3","0",354,70,1,0.1,"0",0,30,13,"0",11,150
"369","tall","4","0",354,70,1.5,1.5,"0",0,30,13,"0",12,150
"370","grande","1","0",473,90,0,0,"0",0,35,20,"0",18,225
"371","grande","2","0",473,100,1,1,"0.1",5,40,20,"0",18,225
"372","grande","5","0",473,110,2,1,"0.1",5,35,20,"0",18,225
"373","grande","3","0",473,100,1,0.1,"0",0,35,19,"0",16,225
"374","grande","4","0",473,90,1.5,1.5,"0",0,35,19,"0",17,225
"375","venti","1","0",709,150,0.1,0.1,"0",0,50,33,"0",29,375
"376","venti","2","0",709,170,2,1,"0.1",5,55,33,"0",29,375
"377","venti","5","0",709,180,3,1.5,"0.1",10,50,33,"0",29,375
"378","venti","3","0",709,160,1.5,0.2,"0",0,45,31,"0",27,375
"379","venti","4","0",709,150,2,2,"0",0,50,32,"0",28,375
"380","short","1","0",236,180,3,2.5,"0",5,115,30,"0",29,75
"381","short","1","1",236,230,8,6,"0.2",25,120,32,"0",30,75
"382","short","2","0",236,200,6,3.5,"0.1",15,120,30,"0",29,75
"383","short","2","1",236,250,11,7,"0.2",35,125,32,"0",30,75
"384","short","5","0",236,210,8,5,"0.1",15,115,30,"0",29,75
"385","short","5","1",236,270,13,8,"0.3",35,120,32,"0",30,75
"386","short","3","0",236,180,5,2.5,"0",5,105,28,"1",25,75
"387","short","3","0",236,230,10,6,"0.2",20,110,29,"1",26,75
"388","short","4","0",236,180,6,5,"0",5,115,28,"0",27,75
"389","short","4","1",236,230,11,9,"0.2",20,120,30,"0",28,75
"390","tall","1","0",354,270,4.5,3.5,"0",10,180,46,"0",45,75
"391","tall","1","1",354,330,10,7,"0.2",30,190,48,"0",46,75
"392","tall","2","0",354,300,9,6,"0.1",25,190,46,"0",44,75
"393","tall","2","1",354,370,15,10,"0.3",45,200,47,"0",46,75
"394","tall","5","0",354,330,12,8,"0.2",30,180,46,"0",44,75
"395","tall","5","1",354,390,18,12,"0.4",50,190,47,"0",46,75
"396","tall","3","0",354,280,8,4,"0",5,170,41,"1",38,75
"397","tall","3","1",354,340,14,8,"0.2",25,170,43,"1",40,75
"398","tall","4","0",354,270,10,9,"0",5,180,42,"0",41,75
"399","tall","4","1",354,330,16,12,"0.2",25,180,44,"0",43,75
"400","grande","1","0",473,350,6,4.5,"0",10,230,61,"0",58,150
"401","grande","1","1",473,420,13,9,"0.2",35,240,63,"0",60,150
"402","grande","2","0",473,400,11,7,"0.2",30,240,60,"0",58,150
"403","grande","2","1",473,470,18,12,"0.4",55,250,62,"0",59,150
"404","grande","5","0",473,430,15,10,"0.3",35,230,60,"0",58,150
"405","grande","5","1",473,500,22,14,"0.5",60,240,62,"0",59,150
"406","grande","3","0",473,360,10,5,"0",5,210,55,"1",51,150
"407","grande","3","1",473,430,17,10,"0.2",30,220,57,"1",52,150
"408","grande","4","0",473,350,12,11,"0",5,230,56,"0",54,150
"409","grande","4","1",473,420,19,15,"0.2",30,230,58,"0",56,150
"410","venti","1","0",591,440,7,6,"0",15,300,77,"0",74,150
"411","venti","1","1",591,510,14,10,"0.2",40,300,79,"0",76,150
"412","venti","2","0",591,500,15,10,"0.2",35,320,76,"0",74,150
"413","venti","2","1",591,580,22,14,"0.4",65,320,78,"0",75,150
"414","venti","5","0",591,550,20,13,"0.4",45,300,76,"0",74,150
"415","venti","5","1",591,620,27,17,"0.5",70,310,78,"0",75,150
"416","venti","3","0",591,460,13,6,"0",5,270,69,"1",64,150
"417","venti","3","1",591,530,20,11,"0.2",30,280,71,"1",65,150
"418","venti","4","0",591,450,16,14,"0",5,290,71,"0",68,150
"419","venti","4","1",591,520,23,18,"0.2",30,300,73,"0",70,150
"420","tall","1","0",354,230,4.5,3.5,"0",5,135,41,"0",40,75
"421","tall","1","1",354,310,12,8,"0.2",35,150,43,"0",41,75
"422","tall","2","0",354,250,7,5,"0.1",15,140,41,"0",39,75
"423","tall","2","1",354,330,15,10,"0.3",45,150,43,"0",41,75
"424","tall","5","0",354,270,9,6,"0.1",15,140,41,"0",39,75
"425","tall","5","1",354,350,17,11,"0.4",45,150,43,"0",41,75
"426","tall","3","0",354,240,6,3.5,"0",5,130,38,"1",36,75
"427","tall","3","1",354,320,14,9,"0.2",35,140,41,"1",38,75
"428","tall","4","0",354,230,7,6,"0",5,135,39,"0",37,75
"429","tall","4","1",354,310,15,11,"0.2",35,140,41,"0",39,75
"430","grande","1","0",473,310,6,4.5,"0",10,170,54,"0",52,150
"431","grande","1","1",473,420,17,12,"0.3",50,190,58,"0",55,150
"432","grande","2","0",473,330,9,6,"0.1",20,180,54,"0",52,150
"433","grande","2","1",473,450,20,13,"0.4",60,200,57,"0",54,150
"434","grande","5","0",473,350,11,8,"0.2",20,180,54,"0",52,150
"435","grande","5","1",473,470,22,15,"0.5",65,190,57,"0",54,150
"436","grande","3","0",473,320,8,5,"0",5,170,51,"1",48,150
"437","grande","3","1",473,430,19,12,"0.3",45,180,55,"1",50,150
"438","grande","4","0",473,310,9,8,"0",5,170,52,"0",49,150
"439","grande","4","1",473,420,20,15,"0.3",45,180,55,"0",52,150
"440","venti","1","0",709,450,9,7,"0",10,260,81,"0",77,225
"441","venti","1","1",709,570,20,14,"0.3",55,270,84,"0",80,225
"442","venti","2","0",709,490,13,9,"0.1",25,270,80,"0",77,225
"443","venti","2","1",709,600,24,16,"0.5",65,280,84,"0",79,225
"444","venti","5","0",709,520,16,11,"0.2",30,260,80,"0",77,225
"445","venti","5","1",709,630,27,18,"0.5",70,270,84,"0",79,225
"446","venti","3","0",709,470,12,7,"0",10,250,77,"1",71,225
"447","venti","3","1",709,580,23,14,"0.3",50,260,80,"1",74,225
"448","venti","4","0",709,450,13,12,"0",10,250,77,"0",73,225
"449","venti","4","1",709,570,25,19,"0.3",50,260,80,"0",76,225
"450","tall","0","0",354,60,0,0,"0",0,5,15,"0",15,25
"451","grande","0","0",473,80,0,0,"0",0,10,20,"0",20,30
"452","venti","0","0",709,120,0,0,"0",0,15,30,"0",30,45
"453","trenta","0","0",887,140,0,0,"0",0,20,35,"0",34,55
"454","grande","0","0",473,90,0,0,"0",0,5,24,"0",24,25
"455","venti","0","0",591,120,0,0,"0",0,5,32,"0",32,30
"456","venti","0","0",709,190,0,0,"0",0,10,48,"0",47,45
"457","trenta","0","0",887,220,0,0,"0",0,10,58,"0",57,55
"458","short","1","0",236,100,0.1,0.1,"0",0,50,22,"0",21,50
"459","short","2","0",236,120,2,1,"0.1",10,55,22,"0",21,50
"460","short","5","0",236,130,3.5,2,"0.1",10,55,22,"0",21,50
"461","short","3","0",236,110,1.5,0.2,"0",0,45,20,"0",18,50
"462","short","4","0",236,100,2.5,2.5,"0",0,50,21,"0",19,50
"463","tall","1","0",354,160,0.2,0.1,"0",5,80,34,"0",32,70
"464","tall","2","0",354,190,3.5,1.5,"0.1",15,90,34,"0",32,70
"465","tall","5","0",354,200,6,3,"0.2",15,80,34,"0",32,70
"466","tall","3","0",354,160,2.5,0.3,"0",0,70,31,"1",28,70
"467","tall","4","0",354,160,3.5,3.5,"0",0,75,31,"0",29,70
"468","grande","1","0",473,210,0.2,0.1,"0",5,10,45,"0",43,95
"469","grande","2","0",473,240,4.5,2,"0.1",20,115,45,"0",42,95
"470","grande","5","0",473,270,7,4,"0.2",20,105,45,"0",42,95
"471","grande","3","0",473,220,3.5,0.4,"0",0,90,41,"1",37,95
"472","grande","4","0",473,210,4.5,4.5,"0",0,95,41,"0",39,95
"473","venti","1","0",591,260,0.3,0.2,"0",5,135,57,"0",54,120
"474","venti","2","0",591,310,6,3,"0.2",25,150,56,"0",53,120
"475","venti","5","0",591,340,9,5,"0.3",30,135,56,"0",53,120
"476","venti","3","0",591,280,4.5,0.5,"0",0,115,51,"1",46,120
"477","venti","4","0",591,260,6,6,"0",0,120,52,"0",48,120
"478","tall","1","0",354,150,0.2,0.1,"0",5,75,33,"0",31,70
"479","tall","2","0",354,180,3,1.5,"0.1",10,80,33,"0",31,70
"480","tall","5","0",354,190,5,3,"0.1",15,75,33,"0",31,70
"481","tall","3","0",354,160,2.5,0.3,"0",0,70,30,"1",27,70
"482","tall","4","0",354,150,3.5,3,"0",0,70,31,"0",29,70
"483","grande","1","0",473,200,0.2,0.1,"0",5,100,44,"0",42,95
"484","grande","2","0",473,240,4,2,"0.1",15,110,44,"0",42,95
"485","grande","5","0",473,260,7,4,"0.2",20,105,44,"0",42,95
"486","grande","3","0",473,220,3.5,0.4,"0",0,90,41,"1",37,95
"487","grande","4","0",473,200,4.5,4.5,"0",0,95,41,"0",38,95
"488","venti","1","0",709,300,0.3,0.2,"0",5,140,65,"0",62,145
"489","venti","2","0",709,350,6,3,"0.2",25,160,65,"0",61,145
"490","venti","5","0",709,380,9,5,"0.3",30,140,65,"0",61,145
"491","venti","3","0",709,320,4.5,0.5,"0",0,130,60,"1",55,145
"492","venti","4","0",709,300,6,6,"0",0,135,61,"0",57,145
"493","short","0","0",236,0,0,0,"0",0,0,0,"0",0,40
"494","tall","0","0",354,0,0,0,"0",0,0,0,"0",0,40
"495","grande","0","0",473,0,0,0,"0",0,0,0,"0",0,40
"496","venti","0","0",591,0,0,0,"0",0,0,0,"0",0,40
"497","short","0","0",236,0,0,0,"0",0,0,0,"0",0,15
"498","tall","0","0",354,0,0,0,"0",0,0,0,"0",0,15
"499","grande","0","0",473,0,0,0,"0",0,0,0,"0",0,25
"500","venti","0","0",591,0,0,0,"0",0,0,0,"0",0,25
"501","short","0","0",236,0,0,0,"0",0,0,0,"0",0,40
"502","tall","0","0",354,0,0,0,"0",0,0,0,"0",0,40
"503","grande","0","0",473,0,0,0,"0",0,0,0,"0",0,40
"504","venti","0","0",591,0,0,0,"0",0,0,0,"0",0,40
"505","short","1","0",236,80,0.1,0.1,"0",0,50,15,"0",15,40
"506","short","2","0",236,100,2,1.5,"0.1",10,55,15,"0",15,40
"507","short","5","0",236,110,3.5,2,"0.1",10,50,15,"0",15,40
"508","short","3","0",236,80,1.5,0.2,"0",0,40,13,"0",12,40
"509","short","4","0",236,80,2.5,2.5,"0",0,45,14,"0",13,40
"510","tall","1","0",354,110,0.1,0.1,"0",5,70,23,"0",23,40
"511","tall","2","0",354,140,3,2,"0.1",15,80,23,"0",23,40
"512","tall","5","0",354,160,5,3,"0.2",15,75,23,"0",23,40
"513","tall","3","0",354,120,2.5,0.3,"0",0,60,20,"1",18,40
"514","tall","4","0",354,120,3.5,3.5,"0",0,70,20,"0",20,40
"515","grande","1","0",473,150,0.2,0.1,"0",5,95,30,"0",30,40
"516","grande","2","0",473,180,4,2.5,"0.2",15,105,30,"0",30,40
"517","grande","5","0",473,210,7,4,"0.2",20,95,30,"0",30,40
"518","grande","3","0",473,160,3,0.4,"0",0,80,26,"1",24,40
"519","grande","4","0",473,150,4.5,4.5,"0",0,90,27,"0",26,40
"520","venti","1","0",591,190,0.2,0.1,"0",5,120,38,"0",38,40
"521","venti","2","0",591,230,5,3.5,"0.2",20,135,38,"0",38,40
"522","venti","5","0",591,260,9,5,"0.3",25,125,38,"0",38,40
"523","venti","3","0",591,200,4,0.5,"0",0,105,33,"1",31,40
"524","venti","4","0",591,190,6,6,"0",0,115,34,"0",33,40
"525","short","1","0",236,80,0.2,0.1,"0",5,70,14,"0",14,30
"526","short","2","0",236,110,3.5,2,"0.1",15,80,14,"0",14,30
"527","short","5","0",236,130,6,3,"0.2",15,75,14,"0",14,30
"528","short","3","0",236,90,3,0.4,"0",0,65,11,"1",9,30
"529","short","4","0",236,80,3.5,3.5,"0",0,65,11,"0",11,30
"530","tall","1","0",354,140,0.3,0.2,"0",5,115,25,"1",24,55
"531","tall","2","0",354,190,5,3.5,"0.2",20,125,25,"1",24,55
"532","tall","5","0",354,220,9,5,"0.3",25,115,25,"1",24,55
"533","tall","3","0",354,160,4.5,0.5,"0",0,105,20,"2",17,55
"534","tall","4","0",354,140,6,6,"0",0,105,21,"1",19,55
"535","grande","1","0",473,190,0.4,0.2,"0",5,140,34,"1",33,80
"536","grande","2","0",473,240,7,4.5,"0.3",25,160,34,"1",32,80
"537","grande","5","0",473,280,11,6,"0.3",35,150,34,"1",32,80
"538","grande","3","0",473,210,6,0.5,"0",0,130,28,"3",24,80
"539","grande","4","0",473,190,8,7,"0",0,135,29,"1",27,80
"540","venti","1","0",591,250,0.5,0.3,"0",10,190,45,"2",44,110
"541","venti","2","0",591,320,9,6,"0.4",35,210,45,"2",43,110
"542","venti","5","0",591,370,15,8,"0.4",45,190,45,"2",43,110
"543","venti","3","0",591,280,7,1,"0",0,170,38,"3",32,110
"544","venti","4","0",591,250,10,9,"0",0,180,38,"2",36,110
"545","tall","1","0",354,120,0.3,0.1,"0",5,95,22,"1",21,55
"546","tall","2","0",354,160,4.5,2.5,"0.2",15,105,22,"01",21,55
"547","tall","5","0",354,180,7,4,"0.2",20,95,22,"1",21,55
"548","tall","3","0",354,140,3.5,0.5,"0",0,85,18,"2",16,55
"549","tall","4","0",354,120,4.5,4.5,"0",0,90,19,"1",18,55
"550","grande","1","0",473,170,0.4,0.2,"0",5,130,32,"1",31,80
"551","grande","2","0",473,220,6,3.5,"0.2",25,140,31,"1",30,80
"552","grande","5","0",473,250,10,5,"0.3",30,130,31,"1",30,80
"553","grande","3","0",473,190,5,0.5,"0",0,115,27,"2",23,80
"554","grande","4","0",473,170,7,6,"0",0,120,27,"1",25,80
"555","venti","1","0",709,240,0.5,0.3,"0",10,180,44,"2",42,110
"556","venti","2","0",709,310,8,5,"0.4",35,200,43,"2",41,110
"557","venti","5","0",709,350,14,8,"0.4",40,190,43,"2",41,110
"558","venti","3","0",709,270,7,1,"0",0,170,37,"3",32,110
"559","venti","4","0",709,240,9,9,"0",0,170,37,"2",35,110
"560","tall","0","0",354,60,0,0,"0",0,5,15,"0",15,25
"561","grande","0","0",473,80,0,0,"0",0,10,20,"0",20,30
"562","venti","0","0",709,120,0,0,"0",0,15,30,"0",30,45
"563","trenta","0","0",887,140,0,0,"0",0,20,35,"0",34,55
"564","tall","0","0",354,90,0,0,"0",0,5,24,"0",24,25
"565","grande","0","0",473,120,0,0,"0",0,5,32,"0",32,30
"566","venti","0","0",709,190,0,0,"0",0,10,48,"0",47,45
"567","trenta","0","0",887,220,0,0,"0",0,10,58,"0",57,55
"568","short","0","0",236,0,0,0,"0",0,0,0,"0",0,25
"569","tall","0","0",354,0,0,0,"0",0,0,0,"0",0,25
"570","grande","0","0",473,0,0,0,"0",0,0,0,"0",0,40
"571","venti","0","0",591,0,0,0,"0",0,0,0,"0",0,40
"572","short","1","0",236,80,0.1,0.1,"0",0,50,15,"0",15,40
"573","short","2","0",236,100,2,1.5,"0.1",10,55,15,"0",15,40
"574","short","5","0",236,110,3.5,2,"0.1",10,50,15,"0",15,40
"575","short","3","0",236,80,1.5,0.2,"0",0,40,13,"0",12,40
"576","short","4","0",236,80,2.5,2.5,"0",0,45,14,"0",13,40
"577","tall","1","0",354,110,0.1,0.1,"0",5,70,23,"0",23,40
"578","tall","2","0",354,140,3,2,"0.1",15,80,23,"0",23,40
"579","tall","5","0",354,160,5,3,"0.2",15,75,23,"0",23,40
"580","tall","3","0",354,120,2.5,0.3,"0",0,60,20,"1",18,40
"581","tall","4","0",354,120,3.5,3.5,"0",0,70,20,"0",20,40
"582","grande","1","0",473,150,0.2,0.1,"0",5,95,30,"0",30,40
"583","grande","2","0",473,180,4,2.5,"02",15,105,30,"0",30,40
"584","grande","5","0",473,210,7,4,"0.2",20,95,30,"0",30,40
"585","grande","3","0",473,160,3,0.4,"0",0,80,26,"1",24,40
"586","grande","4","0",473,150,4.5,4.5,"0",0,90,27,"0",26,40
"587","venti","1","0",591,190,0.2,0.1,"0",5,120,38,"0",38,40
"588","venti","2","0",591,230,5,3.5,"0.2",20,135,38,"0",38,40
"589","venti","5","0",591,260,9,5,"0.3",25,125,38,"0",38,40
"590","venti","3","0",591,200,4,0.5,"0",0,105,33,"1",31,40
"591","venti","4","0",591,190,6,6,"0",0,115,34,"0",33,40
"592","tall","0","0",354,60,0.1,0,"0",0,10,14,"0",14,25
"593","grande","0","0",473,80,0.2,0,"0",0,10,19,"0",19,30
"594","venti","0","0",709,120,0.3,0,"0",0,15,29,"0",28,45
"595","trenta","0","0",887,140,0.3,0,"0",0,20,34,"0",33,55
"596","tall","0","0",354,90,0.1,0,"0",0,5,24,"0",23,25
"597","grande","0","0",473,120,0.2,0,"0",0,10,31,"0",31,30
"598","venti","0","0",709,190,0.3,0,"0",0,10,47,"0",46,45
"599","trenta","0","0",887,230,0.3,0,"0",0,15,58,"0",57,55
"600","short","0","0",236,0,0,0,"0",0,0,0,"0",0,0
"601","tall","0","0",354,0,0,0,"0",0,0,0,"0",0,0
"602","grande","0","0",473,0,0,0,"0",0,0,0,"0",0,0
"603","venti","0","0",591,0,0,0,"0",0,0,0,"0",0,0
"604","short","0","0",236,0,0,0,"0",0,0,0,"0",0,0
"605","tall","0","0",354,0,0,0,"0",0,0,0,"0",0,0
"606","grande","0","0",473,0,0,0,"0",0,0,0,"0",0,0
"607","venti","0","0",591,0,0,0,"0",0,0,0,"0",0,0
"608","short","0","0",236,0,0,0,"0",0,0,0,"0",0,15
"609","tall","0","0",354,0,0,0,"0",0,0,0,"0",0,15
"610","grande","0","0",473,0,0,0,"0",0,0,0,"0",0,25
"611","venti","0","0",591,0,0,0,"0",0,0,0,"0",0,25
"612","short","1","0",236,80,0.1,0.1,"0",0,45,17,"0",16,25
"613","short","2","0",236,100,2,1.5,"0.1",10,50,16,"0",15,25
"614","short","5","0",236,110,3.5,2,"0.1",10,50,16,"0",15,25
"615","short","3","0",236,90,1.5,0.2,"0",0,40,15,"0",13,25
"616","short","4","0",236,80,2.5,2.5,"0",0,45,15,"0",14,25
"617","tall","1","0",354,130,0.1,0.1,"0",5,70,25,"0",23,40
"618","tall","2","0",354,150,3,2,"0.1",15,80,25,"0",23,40
"619","tall","5","0",354,170,5,3,"0.2",15,70,25,"0",23,40
"620","tall","3","0",354,130,2.5,0.3,"0",0,70,22,"0",21,40
"621","tall","4","0",354,130,3.5,3.5,"0",0,70,22,"0",21,40
"622","grande","1","0",473,170,0.2,0.1,"0",5,90,33,"0",31,50
"623","grande","2","0",473,200,4,2.5,"0.2",15,100,33,"0",31,50
"624","grande","5","0",473,220,7,4,"0.2",20,95,33,"0",31,50
"625","grande","3","0",473,170,3,0.4,"0",0,80,29,"1",25,50
"626","grande","4","0",473,170,4.5,4.5,"0",0,90,30,"0",28,50
"627","venti","1","0",591,210,0.2,0.1,"0",5,115,41,"0",39,65
"628","venti","2","0",591,250,5,3.5,"0.2",20,130,41,"0",38,65
"629","venti","5","0",591,280,9,5,"0.3",25,120,41,"0",38,65
"630","venti","3","0",591,220,4,0.5,"0",0,100,36,"1",32,65
"631","venti","4","0",591,210,6,6,"0",0,115,37,"0",34,65
"632","tall","1","0",354,120,0.1,0.1,"0",5,70,24,"0",23,40
"633","tall","2","0",354,150,3,2,"0.1",10,75,24,"0",23,40
"634","tall","5","0",354,160,5,3,"0.1",15,70,24,"0",23,40
"635","tall","3","0",354,130,2.5,0.3,"0",0,65,22,"1",19,40
"636","tall","4","0",354,120,3.5,3,"0",0,65,22,"0",20,40
"637","grande","1","0",473,170,0.2,0.1,"0",5,95,33,"0",31,50
"638","grande","2","0",473,200,4,2.5,"0.2",15,105,33,"0",31,50
"639","grande","5","0",473,220,7,4,"0.2",20,95,33,"0",31,50
"640","grande","3","0",473,180,3.5,0.4,"0",0,85,29,"1",26,50
"641","grande","4","0",473,170,4.5,4.5,"0",0,90,30,"0",27,50
"642","venti","1","0",709,240,0.2,0.2,"0",5,130,48,"0",45,75
"643","venti","2","0",709,290,6,3.5,"0.2",25,150,48,"0",45,75
"644","venti","5","0",709,320,9,5,"0.3",30,135,48,"0",45,75
"645","venti","3","0",709,260,4.5,0.5,"0",0,120,43,"1",38,75
"646","venti","4","0",709,240,6,6,"0",0,125,44,"0",40,75
"647","short","0","0",236,0,0,0,"0",0,0,0,"0",0,0
"648","tall","0","0",354,0,0,0,"0",0,0,0,"0",0,0
"649","grande","0","0",473,0,0,0,"0",0,0,0,"0",0,0
"650","venti","0","0",591,0,0,0,"0",0,0,0,"0",0,0
"651","tall","0","0",354,60,0,0,"0",0,5,15,"0",15,0
"652","grande","0","0",473,80,0,0,"0",0,10,20,"0",20,0
"653","venti","0","0",709,120,0,0,"0",0,15,30,"0",30,0
"654","trenta","0","0",887,140,0,0,"0",0,20,35,"0",34,0
"655","tall","0","0",354,90,0,0,"0",0,5,24,"0",24,0
"656","grande","0","0",473,120,0,0,"0",0,5,32,"0",32,0
"657","venti","0","0",709,190,0,0,"0",0,10,48,"0",47,0
"658","trenta","0","0",887,220,0,0,"0",0,10,58,"0",57,0
"659","tall","0","0",354,60,0.1,0,"0",0,0,15,"0",15,25
"660","grande","0","0",473,80,0.2,0,"0",0,0,20,"0",20,30
"661","venti","0","0",709,130,0.3,0,"0",0,2,31,"0",30,45
"662","trenta","0","0",887,150,0.3,0,"0",0,2,36,"0",35,55
"663","tall","0","0",354,100,0.1,0,"0",0,0,25,"0",24,25
"664","grande","0","0",473,130,0.2,0,"0",0,1,33,"0",32,30
"665","venti","0","0",709,190,0.3,0,"0",0,2,49,"0",48,45
"666","trenta","0","0",887,240,0.3,0,"0",0,2,60,"0",59,55
"667","short","0","0",236,0,0,0,"0",0,0,0,"0",0,0
"668","tall","0","0",354,0,0,0,"0",0,0,0,"0",0,0
"669","grande","0","0",473,0,0,0,"0",0,0,0,"0",0,0
"670","venti","0","0",591,0,0,0,"0",0,0,0,"0",0,0
"671","short","0","0",236,0,0,0,"0",0,0,0,"0",0,15
"672","tall","0","0",354,0,0,0,"0",0,0,0,"0",0,15
"673","grande","0","0",473,0,0,0,"0",0,0,0,"0",0,25
"674","venti","0","0",591,0,0,0,"0",0,0,0,"0",0,25
"675","tall","0","0",354,60,0,0,"0",0,2,14,"0",14,45
"676","grande","0","0",473,70,0,0,"0",0,2,19,"0",18,55
"677","venti","0","0",709,110,0,0,"0",0,3,28,"0",27,85
"678","trenta","0","0",887,150,0,0,"0",0,4,37,"0",36,110
"679","tall","0","0",354,70,0.1,0,"0",0,2,18,"1",15,45
"680","grande","0","0",473,90,0.1,0,"0",0,3,22,"1",20,55
"681","venti","0","0",709,130,0.1,0,"0",0,4,32,"1",29,85
"682","trenta","0","0",887,180,0.2,0,"0",0,5,44,"3",40,110
"683","grande","1","0",473,300,2.5,1.5,"0",5,160,53,"8",34,20
"684","grande","2","0",473,320,5,3,"0.1",15,170,53,"8",34,20
"685","grande","5","0",473,340,7,4,"0.1",15,160,53,"8",34,20
"686","grande","3","0",473,310,4.5,1.5,"0",5,150,51,"9",31,20
"687","grande","4","0",473,290,5,4,"0",5,150,51,"8",32,20
"688","grande","1","0",473,260,1,0.3,"0",5,120,54,"6",37,0
"689","grande","2","0",473,270,1.5,0.5,"0",5,125,53,"6",37,0
"690","grande","5","0",473,280,2.5,1,"0",5,120,53,"6",37,0
"691","grande","3","0",473,270,1.5,0.4,"0",5,120,53,"6",36,0
"692","grande","4","0",473,260,1.5,1,"0",5,120,53,"6",36,0
"693","grande","1","0",473,290,1,0.3,"0",5,125,60,"7",41,0
"694","grande","2","0",473,300,2,1,"0",5,130,60,"7",41,0
"695","grande","5","0",473,300,2.5,1,"0",10,125,60,"7",41,0
"696","grande","3","0",473,290,1.5,0.4,"0",5,125,59,"7",40,0
"697","grande","4","0",473,290,2,1,"0",5,125,59,"7",41,0
"698","tall","1","0",354,200,0.1,0.1,"0",0,150,47,"0",46,65
"699","tall","1","1",354,280,8,5,"0.2",30,160,50,"0",48,65
"700","tall","2","0",354,210,1.5,1,"0",5,160,47,"0",46,65
"701","tall","2","1",354,290,10,6,"0.3",35,170,50,"0",48,65
"702","tall","5","0",354,220,2.5,1.5,"0.1",10,150,47,"0",46,65
"703","tall","5","1",354,300,11,6,"0.3",35,160,50,"0",48,65
"704","tall","3","0",354,200,1.5,0.2,"0",0,150,46,"0",44,65
"705","tall","3","1",354,290,9,5,"0.2",30,160,48,"0",46,65
"706","tall","4","0",354,200,1.5,1.5,"0",0,150,47,"0",45,65
"707","tall","4","1",354,280,10,7,"0.2",30,160,49,"0",47,65
"708","grande","1","0",473,290,0.1,0.1,"0",0,220,69,"0",67,95
"709","grande","1","1",473,400,11,7,"0.3",45,230,72,"0",69,95
"710","grande","2","0",473,300,2,1,"0.1",10,220,68,"0",67,95
"711","grande","2","1",473,420,13,8,"0.4",50,230,72,"0",69,95
"712","grande","5","0",473,310,3,2,"0.1",10,220,68,"0",67,95
"713","grande","5","1",473,430,14,9,"0.4",50,230,72,"0",69,95
"714","grande","3","0",473,290,1.5,0.2,"0",0,210,67,"1",64,95
"715","grande","3","1",473,410,13,7,"0.3",40,220,70,"1",67,95
"716","grande","4","0",473,290,2,2,"0",0,210,68,"0",66,95
"717","grande","4","1",473,400,13,9,"0.3",40,220,71,"0",69,95
"718","venti","1","0",709,370,0.2,0.1,"0",5,290,88,"0",86,125
"719","venti","1","1",709,490,11,7,"0.3",45,300,92,"0",88,125
"720","venti","2","0",709,400,3,1.5,"0.1",10,290,88,"0",86,125
"721","venti","2","1",709,510,14,8,"0.4",55,300,91,"0",88,125
"722","venti","5","0",709,410,5,2.5,"0.1",15,290,88,"0",86,125
"723","venti","5","1",709,530,16,10,"0.5",55,300,91,"0",88,125
"724","venti","3","0",709,380,2.5,0.3,"0",0,280,86,"1",82,125
"725","venti","3","1",709,500,14,7,"0.3",40,290,89,"1",85,125
"726","venti","4","0",709,380,3,3,"0",0,280,87,"0",84,125
"727","venti","4","1",709,490,14,10,"0.3",40,290,90,"0",87,125
"728","tall","1","0",354,180,0.1,0,"0",0,160,42,"0",42,70
"729","tall","1","1",354,280,9,5,"0.2",35,180,47,"0",47,70
"730","tall","2","0",354,190,1.5,1,"0.1",5,170,42,"0",42,70
"731","tall","2","1",354,290,10,6,"0.3",40,180,47,"0",46,70
"732","tall","5","0",354,200,2.5,1.5,"0.1",10,160,42,"0",42,70
"733","tall","5","1",354,300,11,7,"0.3",40,180,47,"0",46,70
"734","tall","3","0",354,190,1.5,0.2,"0",0,160,41,"0",40,70
"735","tall","3","1",354,280,10,6,"0.2",30,170,46,"0",45,70
"736","tall","4","0",354,180,2,1.5,"0",0,160,41,"0",40,70
"737","tall","4","1",354,280,10,7,"0.2",30,170,46,"0",45,70
"738","grande","1","0",473,260,0.1,0.1,"0",0,230,60,"0",60,100
"739","grande","1","1",473,390,12,8,"0.3",45,240,67,"0",66,100
"740","grande","2","0",473,270,2,1.5,"0.1",10,230,60,"0",60,100
"741","grande","2","1",473,410,14,9,"0.4",50,250,67,"0",66,100
"742","grande","5","0",473,280,3.5,2,"0.1",10,230,60,"0",60,100
"743","grande","5","1",473,420,15,9,"0.4",55,250,67,"0",66,100
"744","grande","3","0",473,260,1.5,0.2,"0",0,220,59,"0",57,100
"745","grande","3","1",473,400,14,8,"0.3",45,240,65,"0",63,100
"746","grande","4","0",473,260,2,2,"0",0,220,59,"0",58,100
"747","grande","4","1",473,390,14,10,"0.3",45,240,65,"0",64,100
"748","venti","1","0",709,340,0.1,0.1,"0",5,300,79,"0",78,130
"749","venti","1","1",709,470,12,8,"0.3",45,320,85,"0",84,130
"750","venti","2","0",709,360,3,2,"0.1",10,310,78,"0",78,130
"751","venti","2","1",709,500,15,9,"0.5",55,330,85,"0",84,130
"752","venti","5","0",709,380,5,3,"0.1",15,300,78,"0",78,130
"753","venti","5","1",709,510,17,10,"0.5",60,320,85,"0",84,130
"754","venti","3","0",709,350,2.5,0.3,"0",0,290,76,"1",74,130
"755","venti","3","1",709,480,14,8,"0.3",45,310,83,"1",80,130
"756","venti","4","0",709,340,3.5,3,"0",0,300,76,"0",75,130
"757","venti","4","1",709,470,15,11,"0.3",45,320,83,"0",81,130
"758","tall","1","0",354,160,0.1,0,"0",0,160,36,"0",36,70
"759","tall","2","0",354,170,1.5,1,"0",5,160,36,"0",36,70
"760","tall","5","0",354,180,2.5,1.5,"0.1",10,160,36,"0",36,70
"761","tall","3","0",354,160,1.5,0.2,"0",0,150,35,"0",34,70
"762","tall","4","0",354,160,2,1.5,"0",0,150,36,"0",35,70
"763","grande","1","0",473,220,0.1,0.1,"0",0,210,51,"0",50,95
"764","grande","2","0",473,230,2,1,"0.1",10,220,50,"0",50,95
"765","grande","5","0",473,240,3,2,"0.1",10,220,50,"0",50,95
"766","grande","3","0",473,220,1.5,0.2,"0",0,210,49,"0",47,95
"767","grande","4","0",473,220,2,2,"0",0,210,50,"0",49,95
"768","venti","1","0",709,310,0.1,0.1,"0",5,300,70,"0",69,130
"769","venti","2","0",709,330,3,1.5,"0.1",10,310,70,"0",69,130
"770","venti","5","0",709,350,5,3,"0.2",15,300,70,"0",69,130
"771","venti","3","0",709,310,2.5,0.3,"0",0,300,68,"1",66,130
"772","venti","4","0",709,310,3.5,3,"0",0,300,69,"0",68,135
"773","tall","1","0",354,150,0,0,"0",0,135,34,"0",33,130
"774","tall","2","0",354,150,1,0.5,"0",5,140,34,"0",33,130
"775","tall","5","0",354,160,1.5,1,"0",5,140,34,"0",33,130
"776","tall","3","0",354,150,1,0.1,"0",0,135,33,"0",31,130
"777","tall","4","0",354,150,1,1,"0",0,135,34,"0",32,130
"778","grande","1","0",473,210,0.1,0,"0",0,200,50,"0",49,165
"779","grande","2","0",473,220,1.5,0.5,"0",5,210,50,"0",48,165
"780","grande","5","0",473,230,2.5,1.5,"0.1",5,200,50,"0",48,165
"781","grande","3","0",473,220,1,0.1,"0",0,200,49,"0",47,165
"782","grande","4","0",473,220,1.5,1.5,"0",0,200,50,"0",48,165
"783","venti","1","0",709,280,0.1,0.1,"0",0,270,65,"0",63,185
"784","venti","2","0",709,300,2.5,1,"0.1",10,280,65,"0",63,185
"785","venti","5","0",709,310,4,2,"0.1",10,270,65,"0",63,185
"786","venti","3","0",709,290,2,0.3,"0",0,270,63,"1",60,165
"787","venti","4","0",709,280,2.5,2.5,"0",0,270,64,"0",62,165
"788","tall","1","0",354,230,3,2,"0",0,180,47,"2",44,75
"789","tall","1","1",354,230,11,7,"0.3",30,190,51,"2",47,75
"790","tall","2","0",354,240,4.5,3,"0.1",5,180,47,"2",44,75
"791","tall","2","1",354,330,12,8,"0.3",35,190,51,"2",47,75
"792","tall","5","0",354,250,5,3.5,"0.1",10,180,47,"2",44,75
"793","tall","5","1",354,340,13,9,"0.3",35,190,51,"2",47,75
"794","tall","3","0",354,230,4,2.5,"0",0,180,46,"2",42,75
"795","tall","3","1",354,320,12,7,"0.3",30,180,50,"2",45,75
"796","tall","4","0",354,230,4.5,3.5,"0",0,180,46,"2",43,75
"797","tall","4","1",354,320,13,9,"0.3",30,180,50,"2",46,75
"798","grande","1","0",473,320,4,3,"0",0,250,68,"2",63,110
"799","grande","1","1",473,440,15,10,"0.4",45,260,72,"2",67,110
"800","grande","2","0",473,340,6,4.5,"0.1",10,260,58,"2",63,110
"801","grande","2","1",473,460,17,11,"0.4",50,270,72,"2",66,110
"802","grande","5","0",473,350,7,5,"0.1",10,250,68,"2",63,110
"803","grande","5","1",473,470,18,12,"0.5",50,260,72,"2",66,110
"804","grande","3","0",473,330,6,3.5,"0",0,250,66,"3",61,110
"805","grande","3","1",473,450,17,10,"0.4",40,260,71,"3",64,110
"806","grande","4","0",473,320,6,5,"0",0,250,66,"2",61,110
"807","grande","4","1",473,440,17,12,"0.4",40,260,71,"3",66,110
"808","venti","1","0",709,440,6,4,"0",5,340,91,"3",85,145
"809","venti","1","1",709,560,17,11,"0.4",45,350,96,"3",89,145
"810","venti","2","0",709,460,8,6,"0.2",10,350,91,"3",85,145
"811","venti","2","1",709,580,20,13,"0.5",55,360,96,"3",88,145
"812","venti","5","0",709,480,10,7,"0.2",15,340,91,"3",85,145
"813","venti","5","1",709,600,22,14,"0.5",55,360,96,"3",88,145
"814","venti","3","0",709,450,8,4.5,"0",0,340,89,"4",81,145
"815","venti","3","1",709,570,19,11,"0.4",40,350,93,"4",85,145
"816","venti","4","0",709,440,9,7,"0",0,340,89,"3",82,145
"817","venti","4","1",709,560,20,14,"0.4",40,350,94,"3",87,145
"818","tall","1","0",354,190,0.5,0.4,"0",0,160,42,"1",40,75
"819","tall","1","1",354,270,9,5,"0.2",30,170,45,"1",42,75
"820","tall","2","0",354,200,2,1.5,"0.1",5,160,42,"1",40,75
"821","tall","2","1",354,280,10,6,"0.3",35,170,44,"1",42,75
"822","tall","5","0",354,210,3,2,"0.1",10,160,42,"1",40,75
"823","tall","5","1",354,290,11,7,"0.3",35,170,44,"1",42,75
"824","tall","3","0",354,190,2,0.5,"0",0,160,41,"1",38,75
"825","tall","3","1",354,270,10,5,"0.2",30,160,43,"1",40,75
"826","tall","4","0",354,190,2,2,"0",0,160,41,"1",39,75
"827","tall","4","1",354,270,10,7,"0.2",30,160,43,"1",41,75
"828","grande","1","0",473,270,1,0.5,"0",0,230,61,"1",59,110
"829","grande","1","1",473,390,12,8,"0.3",45,240,65,"1",61,110
"830","grande","2","0",473,290,3,1.5,"0.1",10,230,61,"1",58,110
"831","grande","2","1",473,400,14,9,"0.4",50,240,65,"1",61,110
"832","grande","5","0",473,300,4,2.5,"0.1",10,230,61,"1",58,110
"833","grande","5","1",473,410,15,9,"0.4",50,240,65,"1",61,110
"834","grande","3","0",473,280,2.5,0.5,"0",0,220,60,"2",56,110
"835","grande","3","1",473,390,14,8,"0.3",40,230,63,"2",58,110
"836","grande","4","0",473,270,3,2.5,"0",0,220,60,"1",57,110
"837","grande","4","1",473,390,14,9,"0.3",40,230,63,"1",60,110
"838","venti","1","0",709,360,1,0.5,"0",5,300,81,"2",77,140
"839","venti","1","1",709,480,12,8,"0.3",45,320,84,"2",80,140
"840","venti","2","0",709,390,4,2.5,"0.1",10,310,81,"2",77,140
"841","venti","2","1",709,500,15,9,"0.5",55,320,84,"2",80,140
"842","venti","5","0",709,400,6,3.5,"0.1",15,310,81,"2",77,140
"843","venti","5","1",709,520,17,10,"0.5",55,320,84,"2",80,140
"844","venti","3","0",709,370,3.5,1,"0",0,300,79,"2",74,140
"845","venti","3","1",709,490,15,8,"0.3",40,310,82,"2",76,140
"846","venti","4","0",709,360,4,3.5,"0",0,300,79,"2",75,140
"847","venti","4","1",709,470,15,11,"0.3",40,310,82,"2",78,140
"848","tall","1","0",354,140,0.1,0.1,"0",0,150,31,"0",30,65
"849","grande","1","0",473,190,0.1,0.1,"0",0,210,43,"0",41,95
"850","venti","1","0",709,250,0.2,0.1,"0",5,280,58,"1",55,125
"851","tall","1","0",354,100,0.1,0,"0",0,140,23,"0",23,65
"852","grande","1","0",473,150,0.1,0.1,"0",0,200,33,"0",32,90
"853","venti","1","0",709,200,0.1,0.1,"0",5,270,44,"0",43,120
"854","tall","1","0",354,90,0.1,0,"0",0,160,2,"0",19,70
"855","grande","1","0",473,120,0.1,0.1,"0",0,210,26,"0",26,95
"856","venti","1","0",709,160,0.1,0.1,"0",5,270,34,"0",33,120
"857","tall","1","0",354,80,0,0,"0",0,130,17,"0",16,125
"858","grande","1","0",473,120,0.1,0,"0",0,190,26,"0",24,155
"859","venti","1","0",709,160,0.1,0.1,"0",0,170,35,"0",34,150
"860","tall","1","0",354,160,3,2,"0",0,170,30,"2",27,75
"861","grande","1","0",473,230,4,3,"0",0,250,43,"2",39,110
"862","venti","1","0",709,300,5,4,"0",5,330,58,"3",52,140
"863","tall","1","0",354,120,0.5,0.4,"0",0,150,24,"1",23,70
"864","grande","1","0",473,160,1,0.5,"0",0,200,33,"1",30,95
"865","venti","1","0",709,220,1,0.5,"0",5,290,46,"2",42,130
"866","tall","0","0",354,160,0.1,0,"0",0,120,40,"0",39,0
"867","grande","0","0",473,200,0.1,0,"0",0,160,52,"1",50,0
"868","venti","0","0",709,280,0.1,0,"0",0,210,71,"1",69,0
"869","tall","1","0",354,140,0.1,0.1,"0",0,150,33,"0",32,20
"870","tall","1","1",354,230,8,5,"0.2",30,160,35,"0",34,20
"871","tall","2","0",354,160,2,1,"0.1",10,160,32,"0",32,20
"872","tall","2","1",354,240,10,6,"0.3",40,170,35,"0",34,20
"873","tall","5","0",354,170,3.5,2,"0.1",10,150,32,"0",32,20
"874","tall","5","1",354,250,11,7,"0.3",40,160,35,"0",34,20
"875","tall","3","0",354,150,1.5,0.2,"0",0,150,31,"0",29,20
"876","tall","3","1",354,230,10,5,"0.2",30,160,33,"1",31,20
"877","tall","4","0",354,140,2,2,"0",0,150,31,"0",30,20
"878","tall","4","1",354,220,10,7,"0.2",30,160,33,"0",32,20
"879","grande","1","0",473,210,0.1,0.1,"0",5,210,49,"0",48,40
"880","grande","1","1",473,330,11,7,"0.3",45,220,53,"0",50,40
"881","grande","2","0",473,230,2.5,1.5,"0.1",10,220,49,"0",48,40
"882","grande","2","1",473,350,14,8,"0.4",50,230,52,"0",50,40
"883","grande","5","0",473,250,4,2.5,"0.1",15,210,49,"0",48,40
"884","grande","5","1",473,360,15,9,"0.5",55,220,52,"0",50,40
"885","grande","3","0",473,220,2,0.3,"0",0,210,47,"1",45,40
"886","grande","3","1",473,340,13,7,"0.3",40,220,50,"1",47,40
"887","grande","4","0",473,210,2.5,2.5,"0",0,210,47,"0",46,40
"888","grande","4","1",473,330,14,10,"0.3",40,220,50,"0",49,40
"889","venti","1","0",709,290,0.2,0.1,"0",5,310,66,"0",65,40
"890","venti","1","1",709,410,11,7,"0.3",45,320,70,"0",67,45
"891","venti","2","0",709,330,4,2,"0.1",15,320,66,"0",65,45
"892","venti","2","1",709,440,15,9,"0.5",60,330,69,"0",67,45
"893","venti","5","0",709,350,7,4,"0.2",20,310,66,"0",65,45
"894","venti","5","1",709,460,18,11,"0.5",60,320,69,"0",67,45
"895","venti","3","0",709,300,3.5,0.4,"0",0,300,63,"1",60,45
"896","venti","3","1",709,420,14,7,"0.3",40,310,66,"1",62,45
"897","venti","4","0",709,290,4.5,4,"0",0,300,63,"0",61,45
"898","venti","4","1",709,400,16,11,"0.3",40,310,66,"0",64,45
"899","tall","1","0",354,200,3,2.5,"0",0,190,39,"2",36,10
"900","tall","1","1",354,280,11,7,"0.3",30,200,42,"2",39,10
"901","tall","2","0",354,210,5,3.5,"0.1",10,190,38,"2",35,10
"902","tall","2","1",354,300,13,9,"0.3",40,200,42,"2",38,10
"903","tall","5","0",354,220,6,4,"0.1",10,190,38,"2",35,10
"904","tall","5","1",354,310,14,9,"0.4",40,200,42,"2",38,10
"905","tall","3","0",354,200,4.5,2.5,"0",0,180,37,"2",33,10
"906","tall","3","1",354,290,13,7,"0.3",30,190,40,"2",36,10
"907","tall","4","0",354,200,5,4.5,"0",0,190,37,"2",34,10
"908","tall","4","1",354,280,13,9,"0.3",30,190,41,"2",37,10
"909","grande","1","0",473,270,4,3,"0",5,250,53,"2",49,15
"910","grande","1","1",473,390,15,10,"0.4",45,270,58,"2",52,15
"911","grande","2","0",473,290,7,5,"0.1",10,260,53,"2",49,15
"912","grande","2","1",473,410,18,12,"0.5",50,270,57,"2",52,15
"913","grande","5","0",473,300,8,6,"0.2",15,260,53,"2",49,15
"914","grande","5","1",473,420,20,13,"0.5",55,270,57,"2",52,15
"915","grande","3","0",473,270,6,3.5,"0",0,250,51,"3",45,15
"916","grande","3","1",473,400,17,10,"0.4",40,260,55,"3",49,15
"917","grande","4","0",473,270,7,6,"0",0,250,51,"2",46,15
"918","grande","4","1",473,390,18,13,"0.4",40,260,56,"3",51,15
"919","venti","1","0",709,360,6,4,"0",5,350,71,"3",66,20
"920","venti","1","1",709,480,17,11,"0.4",45,360,76,"3",69,20
"921","venti","2","0",709,390,9,7,"0.2",15,360,71,"3",65,20
"922","venti","2","1",709,510,21,14,"0.5",55,370,76,"3",69,20
"923","venti","5","0",709,410,12,8,"0.2",20,350,71,"3",65,20
"924","venti","5","1",709,540,23,15,"0.5",60,360,76,"3",69,20
"925","venti","3","0",709,370,8,4.5,"0",0,340,68,"4",61,20
"926","venti","3","1",709,490,20,12,"0.4",40,350,72,"4",64,20
"927","venti","4","0",709,360,10,8,"0",0,340,68,"3",62,20
"928","venti","4","1",709,480,21,15,"0.4",40,350,73,"3",67,20
"929","tall","1","0",354,210,0.2,0.1,"0",0,170,47,"1",46,50
"930","tall","1","1",354,290,8,5,"0.2",30,170,50,"1",48,50
"931","tall","2","0",354,230,2.5,1.5,"0.1",10,170,47,"1",46,50
"932","tall","2","1",354,310,10,6,"0.3",40,180,50,"1",48,50
"933","tall","5","0",354,240,3.5,2,"0.1",10,170,47,"1",46,50
"934","tall","5","1",354,320,12,7,"0.3",40,180,50,"1",48,50
"935","tall","3","0",354,220,2,0.2,"0",0,160,46,"1",44,50
"936","tall","3","1",354,300,10,5,"0.2",30,170,48,"1",45,50
"937","tall","4","0",354,210,2.5,2.5,"0",0,160,46,"1",44,50
"938","tall","4","1",354,290,10,7,"0.2",30,170,48,"1",47,50
"939","grande","1","0",473,280,0.3,0.1,"0",5,220,64,"1",63,70
"940","grande","1","1",473,400,11,7,"0.3",45,230,68,"1",65,70
"941","grande","2","0",473,300,3,1.5,"0.1",10,230,64,"1",63,70
"942","grande","2","1",473,420,17,9,"0.4",50,240,68,"1",65,70
"943","grande","5","0",473,320,4.5,2.5,"0.1",15,220,64,"1",63,70
"944","grande","5","1",473,430,16,9,"0.5",55,230,68,"1",65,70
"945","grande","3","0",473,290,2.5,0.3,"0",0,220,62,"2",60,70
"946","grande","3","1",473,400,13,7,"0.3",40,230,65,"2",62,70
"947","grande","4","0",473,280,3,3,"0",0,220,62,"1",61,70
"948","grande","4","1",473,390,14,10,"0.3",40,230,66,"1",64,70
"949","venti","1","0",709,390,0.4,0.1,"0",5,310,88,"2",86,95
"950","venti","1","1",709,500,12,7,"0.3",45,320,91,"2",88,95
"951","venti","2","0",709,420,4,2.5,"0.2",15,320,87,"2",86,95
"952","venti","2","1",709,530,15,10,"0.5",55,330,91,"2",88,95
"953","venti","5","0",709,440,7,4,"0.2",20,310,87,"2",86,95
"954","venti","5","1",709,550,18,11,"0.5",60,320,91,"2",88,95
"955","venti","3","0",709,400,3.5,0.4,"0",0,300,84,"2",81,95
"956","venti","3","1",709,510,15,7,"0.3",40,310,87,"2",83,95
"957","venti","4","0",709,380,4.5,4,"0",0,300,85,"2",82,95
"958","venti","4","1",709,500,16,11,"0.3",40,310,88,"2",85,95
"959","tall","1","0",354,140,0.1,0,"0",0,135,30,"0",30,20
"960","tall","1","1",354,220,8,5,"0.2",30,140,33,"0",32,20
"961","tall","2","0",354,150,2,1,"0.1",5,140,30,"0",29,20
"962","tall","2","1",354,230,10,6,"0.3",35,150,33,"0",32,20
"963","tall","5","0",354,160,3,1.5,"0.1",10,135,30,"0",29,20
"964","tall","5","1",354,240,11,7,"0.3",40,140,33,"0",32,20
"965","tall","3","0",354,140,1.5,0.2,"0",0,130,29,"0",27,20
"966","tall","3","1",354,220,9,5,"0.2",30,140,31,"0",30,20
"967","tall","4","0",354,140,2,2,"0",0,135,29,"0",28,20
"968","tall","4","1",354,220,10,7,"0.2",30,140,31,"0",30,20
"969","grande","1","0",473,190,0.1,0.1,"0",0,180,42,"0",41,25
"970","grande","1","1",473,300,11,7,"0.3",45,200,45,"0",44,25
"971","grande","2","0",473,200,2,1.5,"0.1",10,190,42,"0",41,25
"972","grande","2","1",473,320,13,8,"0.4",50,200,45,"0",44,25
"973","grande","5","0",473,220,3.5,2,"0.1",10,180,42,"0",41,25
"974","grande","5","1",473,330,15,9,"0.4",50,200,45,"0",44,25
"975","grande","3","0",473,190,2,0.2,"0",0,180,40,"0",38,25
"976","grande","3","1",473,310,13,7,"0.3",40,190,43,"0",41,25
"977","grande","4","0",473,190,2.5,2.5,"0",0,180,40,"0",39,25
"978","grande","4","1",473,300,14,9,"0.3",40,190,43,"0",42,25
"979","venti","1","0",709,260,0.1,0.1,"0",5,260,59,"0",58,40
"980","venti","1","1",709,380,11,7,"0.3",45,270,63,"0",61,40
"981","venti","2","0",709,290,3.5,2,"0.1",15,270,59,"0",57,40
"982","venti","2","1",709,410,15,9,"0.5",55,280,62,"0",61,40
"983","venti","5","0",709,310,6,3,"0.2",15,260,59,"0",57,40
"984","venti","5","1",709,420,17,10,"0.5",60,280,62,"0",61,40
"985","venti","3","0",709,270,2.5,0.4,"0",0,260,56,"1",53,40
"986","venti","3","1",709,390,14,7,"0.3",40,270,59,"1",56,40
"987","venti","4","0",709,270,4,3.5,"0",0,260,57,"0",55,40
"988","venti","4","1",709,380,15,11,"0.3",40,270,60,"0",58,40
"989","tall","1","0",354,170,0.1,0.1,"0",0,140,38,"0",37,0
"990","tall","1","1",354,250,8,5,"0.2",30,150,41,"0",39,0
"991","tall","2","0",354,180,2,1,"0.1",5,150,38,"0",37,0
"992","tall","2","1",354,260,10,6,"0.3",35,160,40,"0",39,0
"993","tall","5","0",354,190,3,1.5,"0.1",10,140,38,"0",37,0
"994","tall","5","1",354,270,11,7,"0.3",40,150,40,"0",39,0
"995","tall","3","0",354,170,1.5,0.2,"0",0,140,37,"1",35,0
"996","tall","3","1",354,250,9,5,"0.2",30,150,39,"1",37,0
"997","tall","4","0",354,170,2,2,"0",0,140,37,"0",35,0
"998","tall","4","1",354,250,10,7,"0.2",30,150,39,"0",38,0
"999","grande","1","0",473,230,0.2,0.1,"0",0,200,53,"0",52,0
"1000","grande","1","1",473,340,11,7,"0.3",45,210,56,"0",54,0
"1001","grande","2","0",473,250,2.5,1.5,"0.1",10,200,53,"0",51,0
"1002","grande","2","1",473,360,14,8,"0.4",50,210,56,"0",54,0
"1003","grande","5","0",473,260,4,2,"0.1",10,200,53,"0",51,0
"1004","grande","5","1",473,370,15,9,"0.4",55,210,56,"0",54,0
"1005","grande","3","0",473,240,2,0.2,"0",0,190,51,"1",49,0
"1006","grande","3","1",473,350,13,7,"0.3",40,200,54,"1",51,0
"1007","grande","4","0",473,230,2.5,2.5,"0",0,190,51,"0",49,0
"1008","grande","4","1",473,340,14,9,"0.3",40,200,54,"0",53,0
"1009","venti","1","0",709,300,0.2,0.1,"0",5,270,70,"0",68,0
"1010","venti","1","1",709,420,11,7,"0.3",45,280,73,"0",70,0
"1011","venti","2","0",709,330,3.5,2,"0.1",15,280,69,"0",68,0
"1012","venti","2","1",709,450,15,9,"0.5",55,290,73,"0",70,0
"1013","venti","5","0",709,350,6,3,"0.2",15,270,69,"0",68,0
"1014","venti","5","1",709,460,17,10,"0.5",60,280,73,"0",70,0
"1015","venti","3","0",709,310,3,0.4,"0",0,260,67,"1",63,0
"1016","venti","3","1",709,430,14,7,"0.3",40,270,70,"1",66,0
"1017","venti","4","0",709,300,3.5,3.5,"0",0,260,67,"1",65,0
"1018","venti","4","1",709,420,15,10,"0.3",40,370,70,"1",68,0
"1019","tall","1","0",354,170,0.1,0.1,"0",0,160,39,"0",38,0
"1020","tall","1","1",354,250,8,5,"0.2",30,170,41,"0",40,0
"1021","tall","2","0",354,190,2,1,"0.1",10,170,39,"0",38,0
"1022","tall","2","1",354,270,10,6,"0.3",40,170,41,"0",39,0
"1023","tall","5","0",354,200,3.5,2,"0.1",10,160,39,"0",38,0
"1024","tall","5","1",354,280,11,7,"0.3",40,170,41,"0",39,0
"1025","tall","3","0",354,180,1.5,0.2,"0",0,160,37,"1",35,0
"1026","tall","3","1",354,260,10,5,"0.2",30,160,39,"1",37,0
"1027","tall","4","0",354,170,2.5,2,"0",0,160,37,"0",36,0
"1028","tall","4","1",354,250,10,7,"0.2",30,160,39,"0",38,0
"1029","grande","1","0",473,240,0.1,0.1,"0",8,230,56,"0",55,0
"1030","grande","1","1",473,360,11,7,"0.3",45,240,60,"0",57,0
"1031","grande","2","0",473,270,3,1.5,"0.1",10,240,56,"0",55,0
"1032","grande","2","1",473,380,14,8,"0.4",55,250,59,"0",57,0
"1033","grande","5","0",473,280,4.5,2.5,"0.1",15,230,56,"0",55,0
"1034","grande","5","1",473,400,16,10,"0.5",55,240,59,"0",57,0
"1035","grande","3","0",473,250,2.5,0.3,"0",0,220,54,"1",51,0
"1036","grande","3","1",473,370,13,7,"0.3",40,230,57,"1",54,0
"1037","grande","4","0",473,240,3,3,"0",0,220,54,"0",52,0
"1038","grande","4","1",473,360,14,10,"0.3",40,240,57,"0",56,0
"1039","venti","1","0",709,320,0.2,0.1,"0",5,300,73,"0",71,0
"1040","venti","1","1",709,430,11,7,"0.3",45,310,76,"0",73,0
"1041","venti","2","0",709,350,4,2,"0.1",15,310,73,"0",71,0
"1042","venti","2","1",709,460,15,9,"0.5",55,320,76,"0",73,0
"1043","venti","5","0",709,370,7,4,"0.2",20,300,73,"0",71,0
"1044","venti","5","1",709,490,18,11,"0.5",60,310,76,"0",73,0
"1045","venti","3","0",709,330,3,0.4,"0",0,290,69,"1",66,0
"1046","venti","3","1",709,440,14,7,"0.3",40,300,73,"1",68,0
"1047","venti","4","0",709,310,4.5,4,"0",0,290,69,"0",67,0
"1048","venti","4","1",709,430,15,11,"0.3",40,300,73,"0",70,0
"1049","short","0","0",236,140,0,0,"0",0,10,35,"0",33,0
"1050","short","0","1",236,210,6,3.5,"0.2",20,20,40,"0",37,0
"1051","tall","0","0",354,210,0,0,"0",0,15,53,"0",49,0
"1052","tall","0","1",354,300,7,4.5,"0.2",25,30,59,"0",55,0
"1053","grande","0","0",473,280,0,0,"0",0,20,70,"0",65,0
"1054","grande","0","1",473,380,8,5,"0.2",30,35,76,"0",71,0
"1055","venti","0","0",591,360,0,0,"0",0,25,89,"0",83,0
"1056","venti","0","1",591,450,8,5,"0.2",30,40,95,"0",88,0
"1057","short","1","0",236,140,1.5,1,"0",5,70,26,"2",23,15
"1058","short","1","1",236,200,6,4,"0.2",20,95,29,"2",24,15
"1059","short","2","0",236,170,4.5,3,"0.1",15,80,26,"2",22,15
"1060","short","2","1",236,230,10,6,"0.3",30,85,28,"2",24,15
"1061","short","5","0",236,190,7,4,"0.2",15,70,26,"2",22,15
"1062","short","5","1",236,250,12,7,"0.3",35,80,28,"2",24,15
"1063","short","3","0",236,150,3.5,1,"0",0,60,23,"3",18,15
"1064","short","3","0",236,210,9,4.5,"0.2",20,65,25,"3",20,15
"1065","short","4","0",236,140,5,4.5,"0",0,70,23,"02",20,15
"1066","short","4","1",236,200,10,8,"0.2",20,75,26,"2",22,15
"1067","tall","1","0",354,210,2,1,"0",5,110,37,"3",32,20
"1068","tall","1","1",354,280,8,5,"0.2",30,115,40,"3",34,20
"1069","tall","2","0",354,250,7,4.5,"0.2",20,125,37,"3",32,20
"1070","tall","2","1",354,320,13,8,"0.4",45,130,39,"3",34,20
"1071","tall","5","0",354,280,10,6,"0.3",25,110,37,"3",32,20
"1072","tall","5","1",354,350,16,10,"0.4",50,120,39,"3",34,20
"1073","tall","3","0",354,220,6,1.5,"0",0,95,32,"4",25,20
"1074","tall","3","1",354,290,12,5,"0.2",25,100,35,"4",28,20
"1075","tall","4","0",354,210,8,7,"0",0,110,33,"3",28,20
"1076","tall","4","1",354,280,14,10,"0.2",25,115,36,"3",31,20
"1077","grande","1","0",473,270,2.5,1.5,"0",5,140,47,"4",41,25
"1078","grande","1","1",473,350,10,6,"0.2",35,150,51,"4",43,25
"1079","grande","2","0",473,320,9,6,"0.3",25,160,47,"4",41,25
"1080","grande","2","1",473,400,16,10,"0.5",55,170,50,"4",43,25
"1081","grande","5","0",473,360,13,8,"0.3",35,150,47,"4",41,25
"1082","grande","5","1",473,440,20,12,"0.5",60,150,50,"4",43,25
"1083","grande","3","0",473,280,8,2,"0",0,125,41,"5",32,25
"1084","grande","3","1",473,360,15,7,"0.2",25,130,44,"5",35,25
"1085","grande","4","0",473,270,10,9,"0",0,140,42,"4",35,25
"1086","grande","4","1",473,350,17,13,"0.2",25,150,46,"4",38,30
"1087","venti","1","0",591,350,3.5,2,"0",10,180,63,"5",55,35
"1088","venti","1","1",591,430,10,6,"0.2",35,190,66,"5",58,35
"1089","venti","2","0",591,420,11,7,"0.4",35,200,62,"5",55,35
"1090","venti","2","1",591,500,19,12,"0.5",60,210,66,"5",57,35
"1091","venti","5","0",591,470,17,10,"0.4",45,190,62,"5",55,35
"1092","venti","5","1",591,550,24,14,"0.5",70,190,66,"5",57,35
"1093","venti","3","0",591,370,9,2.5,"0",0,160,55,"7",44,35
"1094","venti","3","1",591,450,17,7,"0.2",25,170,58,"7",46,35
"1095","venti","4","0",591,360,13,11,"0",0,180,57,"5",48,35
"1096","venti","4","1",591,430,20,15,"0.2",25,190,60,"5",51,35
"1097","tall","0","0",354,80,0,0,"0",0,0,21,"0",21,0
"1098","grande","0","0",473,110,0,0,"0",0,1,29,"0",21,0
"1099","venti","0","0",709,150,0,0,"0",0,1,41,"0",41,0
"1100","trenta","0","0",887,180,0,0,"0",0,1,49,"0",49,0
"1101","short","0","0",236,80,1,0.5,"0",5,85,12,"2",8,0
"1102","tall","0","0",354,130,1.5,1,"0.1",5,125,18,"3",13,0
"1103","grande","0","0",473,170,1.5,1,"0.1",5,160,24,"4",17,0
"1104","venti","0","0",591,210,2,1.5,"0.1",10,210,30,"5",21,0
"1105","short","1","0",236,180,3,2.5,"0",5,125,31,"0",30,0
"1106","short","1","1",236,230,8,6,"0.2",25,130,32,"0",32,0
"1107","short","2","0",236,210,6,4,"0.1",15,135,30,"0",30,0
"1108","short","2","1",236,260,11,7,"0.3",35,140,32,"0",31,0
"1109","short","5","0",236,220,8,5,"0.2",20,125,30,"0",30,0
"1110","short","5","1",236,280,14,9,"0.3",40,130,32,"0",31,0
"1111","short","3","0",236,190,5,2.5,"0",5,115,27,"1",26,0
"1112","short","3","0",236,240,11,6,"0.2",20,120,29,"1",27,0
"1113","short","4","0",236,180,7,6,"0",5,125,28,"0",28,0
"1114","short","4","1",236,230,12,9,"0.2",20,130,30,"0",29,0
"1115","tall","1","0",354,270,4.5,3.5,"0",10,190,46,"0",46,0
"1116","tall","1","1",354,330,11,7,"0.2",30,200,48,"0",47,0
"1117","tall","2","0",354,310,9,6,"0.2",25,200,46,"0",46,0
"1118","tall","2","1",354,370,16,10,"0.3",45,210,48,"0",47,0
"1119","tall","5","0",354,340,13,8,"0.3",30,190,46,"0",46,0
"1120","tall","5","1",354,400,19,12,"0.4",55,200,48,"0",47,0
"1121","tall","3","0",354,280,8,4,"0",5,180,41,"1",39,0
"1122","tall","3","1",354,340,14,8,"0.2",25,180,43,"1",40,0
"1123","tall","4","0",354,270,10,9,"0",5,190,42,"0",42,0
"1124","tall","4","1",354,330,16,13,"0.2",25,190,44,"0",43,0
"1125","grande","1","0",473,360,6,5,"0",10,250,61,"0",61,0
"1126","grande","1","1",473,430,13,9,"0.2",40,260,63,"0",62,0
"1127","grande","2","0",473,410,12,8,"0.2",30,270,61,"0",60,0
"1128","grande","2","1",473,480,19,12,"0.4",60,270,63,"0",62,0
"1129","grande","5","0",473,450,17,11,"0.3",40,250,61,"0",60,0
"1130","grande","5","1",473,520,24,15,"0.5",65,260,63,"0",62,0
"1131","grande","3","0",473,370,11,5,"0",5,230,55,"1",52,0
"1132","grande","3","1",473,440,18,10,"0.2",30,240,57,"1",53,0
"1133","grande","4","0",473,360,13,12,"0",5,250,56,"0",55,0
"1134","grande","4","1",473,430,20,16,"0.2",30,250,58,"0",57,0
"1135","venti","1","0",591,450,7,6,"0",15,320,77,"0",77,0
"1136","venti","1","1",591,520,14,10,"0.2",40,320,79,"0",78,0
"1137","venti","2","0",591,520,16,10,"0.3",40,340,76,"0",76,0
"1138","venti","2","1",591,590,23,15,"0.5",65,350,78,"0",78,0
"1139","venti","5","0",591,570,21,14,"0.4",50,320,76,"0",76,0
"1140","venti","5","1",591,640,28,18,"0.5",75,330,78,"0",78,0
"1141","venti","3","0",591,470,14,7,"0",5,290,69,"2",65,0
"1142","venti","3","1",591,540,21,11,"0.2",30,300,71,"2",67,0
"1143","venti","4","0",591,450,17,15,"0",5,310,71,"0",69,0
"1144","venti","4","1",591,520,24,20,"0.2",30,320,73,"0",71,0
"1145","1 scoop","0","0",0,30,0.1,0.1,"0",0,45,1,"1",0,0
"1146","1 scoop","0","0",0,25,0.1,0,"0",0,0,6,"0",5,25
"1147","1 shot","0","0",0,5,0.1,0,"0",0,0,1,"0",0,75
